imagen,patente,formato,tamano,version,original
grande_v1_KGF480.jpg,KGF480,viejo,grande,v1,grande_v1.jpg
grande_v1_QW372ZP.jpg,QW372ZP,mercosur,grande,v1,grande_v1.jpg
grande_v1_VNH615.jpg,VNH615,viejo,grande,v1,grande_v1.jpg
grande_v1_DL908XR.jpg,DL908XR,mercosur,grande,v1,grande_v1.jpg
grande_v2_KGF480.jpg,KGF480,viejo,grande,v2,grande_v2.jpg
grande_v2_QW372ZP.jpg,QW372ZP,mercosur,grande,v2,grande_v2.jpg
grande_v2_VNH615.jpg,VNH615,viejo,grande,v2,grande_v2.jpg
grande_v2_DL908XR.jpg,DL908XR,mercosur,grande,v2,grande_v2.jpg
grande_v3_KGF480.jpg,KGF480,viejo,grande,v3,grande_v3.jpg
grande_v3_QW372ZP.jpg,QW372ZP,mercosur,grande,v3,grande_v3.jpg
grande_v3_VNH615.jpg,VNH615,viejo,grande,v3,grande_v3.jpg
grande_v3_DL908XR.jpg,DL908XR,mercosur,grande,v3,grande_v3.jpg
media_v1_MPT236.jpg,MPT236,viejo,media,v1,media_v1.jpg
media_v1_BJ741CY.jpg,BJ741CY,mercosur,media,v1,media_v1.jpg
media_v1_XSO059.jpg,XSO059,viejo,media,v1,media_v1.jpg
media_v1_RE483UK.jpg,RE483UK,mercosur,media,v1,media_v1.jpg
media_v2_MPT236.jpg,MPT236,viejo,media,v2,media_v2.jpg
media_v2_BJ741CY.jpg,BJ741CY,mercosur,media,v2,media_v2.jpg
media_v2_XSO059.jpg,XSO059,viejo,media,v2,media_v2.jpg
media_v2_RE483UK.jpg,RE483UK,mercosur,media,v2,media_v2.jpg
chica_v1_ZWD167.jpg,ZWD167,viejo,chica,v1,chica_v1.jpg
chica_v1_AF520GN.jpg,AF520GN,mercosur,chica,v1,chica_v1.jpg
chica_v1_TCU894.jpg,TCU894,viejo,chica,v1,chica_v1.jpg
chica_v1_HM316QL.jpg,HM316QL,mercosur,chica,v1,chica_v1.jpg
chica_v2_ZWD167.jpg,ZWD167,viejo,chica,v2,chica_v2.jpg
chica_v2_AF520GN.jpg,AF520GN,mercosur,chica,v2,chica_v2.jpg
chica_v2_TCU894.jpg,TCU894,viejo,chica,v2,chica_v2.jpg
chica_v2_HM316QL.jpg,HM316QL,mercosur,chica,v2,chica_v2.jpg
mini_v1_YIB703.jpg,YIB703,viejo,mini,v1,mini_v1.jpg
mini_v1_PV649EW.jpg,PV649EW,mercosur,mini,v1,mini_v1.jpg
mini_v1_JOK251.jpg,JOK251,viejo,mini,v1,mini_v1.jpg
mini_v1_SX087DZ.jpg,SX087DZ,mercosur,mini,v1,mini_v1.jpg
mini_v2_YIB703.jpg,YIB703,viejo,mini,v2,mini_v2.jpg
mini_v2_PV649EW.jpg,PV649EW,mercosur,mini,v2,mini_v2.jpg
mini_v2_JOK251.jpg,JOK251,viejo,mini,v2,mini_v2.jpg
mini_v2_SX087DZ.jpg,SX087DZ,mercosur,mini,v2,mini_v2.jpg
